"payment_receiver_cluster","is_hospital","is_foreign","total_amount_CHF","nr_of_payments","nr_of_pharma_companies"
"Anonym",,,19731621.8632796,1540,34
"EXCEMED - Excellence in Medical Education",FALSE,FALSE,4043310.1,1,1
"European Society for Medical Oncology",FALSE,TRUE,3062324.86,10,10
"European League Against Rheumatism",FALSE,TRUE,2765352.7,7,6
"European Respiratory Society",FALSE,TRUE,2372427.39,5,5
"CHUV Lausanne",TRUE,FALSE,1716271.25,70,38
"Universitätsspital Basel",TRUE,FALSE,1709570.27,75,37
"EASL European Association for the Study of the Liver",FALSE,TRUE,1497026.7,3,3
"Universitätsspital Zürich",TRUE,FALSE,1425259.08,71,36
"Inselspital",TRUE,FALSE,1412990.77,71,34
"Hôpitaux Universitaires de Genève",TRUE,FALSE,1392723.37,77,36
"Zurich Heart House",FALSE,FALSE,1216818.16,16,13
"Kantonsspital St. Gallen",TRUE,FALSE,1019191.07,49,40
"Schweizerische Arbeitsgemeinschaft für Klinische Krebsforschung",FALSE,FALSE,980397.85,18,16
"Universität Zürich",TRUE,FALSE,872904.71,28,21
"ETH Zürich Foundation",FALSE,FALSE,798354,2,2
"European Academy of Allergy and Clinical Immunology (EAACI)",FALSE,TRUE,762844.89,6,5
"EADV European Academy of Dermatology and Venereology",FALSE,TRUE,744499.32,3,3
"Ecms Foundation",FALSE,TRUE,695503.31,2,2
"European School for Advanced Studies in Ophthalmology (ESASO) Villa Saroli",FALSE,TRUE,671782,1,1
"Schweizerische Gesellschaft für Allgemeine Innere Medizin",FALSE,FALSE,612364,17,17
"Universität Basel",TRUE,FALSE,568375.7,12,12
"International Osteoporosis Foundation (IOF)",FALSE,TRUE,548723.56,3,3
"Kantonsspital Aarau AG",TRUE,FALSE,460726.95,45,28
"European Society of Gynaecological Oncology (ESGO)",FALSE,TRUE,455410,1,1
"Inselspital-Stiftung",TRUE,FALSE,448828,8,7
"Luzerner Kantonsspital",TRUE,FALSE,442718.74,47,31
"EHC – European Haemophilia Consortium",FALSE,TRUE,439775.036,2,1
"European Committee for Treatment and Research in Multiple Sclerosis",FALSE,TRUE,434605.86,3,3
"Schweizerische Multiple Sklerose Gesellschaft",FALSE,FALSE,422220,31,7
"International AIDS Society",FALSE,TRUE,419151,2,2
"Schweizerische Herzstiftung",FALSE,FALSE,387900,16,10
"COR2ED",FALSE,FALSE,386931,1,1
"European Society of Clinical Microbiology and Infectious Diseases",FALSE,TRUE,384702.2,3,3
"Ospedale Regionale di Lugano",TRUE,FALSE,367708.91,37,31
"European Association of Dermato-Oncology EADO",FALSE,TRUE,365575.93,3,3
"SCQM Foundation Swiss Clinical Quality Management",FALSE,FALSE,341258,4,4
"Rheuma Schweiz",FALSE,FALSE,340547.2,5,5
"Forum für medizinische Fortbildung - FomF GmbH",FALSE,FALSE,314224,10,10
"MediService AG",FALSE,FALSE,311053.88,3,3
"Kinderspital Zürich",TRUE,FALSE,302133.53,15,12
"SIOG International Society of Geriatric Oncology",FALSE,TRUE,295082.34,5,5
"Rheumaliga Schweiz",FALSE,FALSE,275089.07486,17,12
"SGDV Hautkrebstag",FALSE,FALSE,259550,16,13
"Kantonsspital Graubünden",TRUE,FALSE,251721.55,21,18
"Ophthorobotics AG",FALSE,FALSE,250000,1,1
"Fondazione per la Ricerca e la Cura dei Linfomi nel Ticino",FALSE,FALSE,244184,4,4
"Advisis AG",FALSE,FALSE,241960,3,3
"European Stroke Organisation (ESO)",FALSE,TRUE,239735.85,2,2
"Insel Gruppe AG",TRUE,FALSE,227061.84,11,10
"Leukemia Patient Advocates Foundation",FALSE,TRUE,225597.8,2,1
"Verein Lunge Zürich",FALSE,FALSE,220140,18,13
"TOPEC Global LLC (GmbH)",FALSE,FALSE,216600,1,1
"World stroke organization",FALSE,TRUE,213524.48,1,1
"Swiss Academy of Multidisciplinary Oncology",FALSE,FALSE,213169,15,14
"Swiss Academic Foundation",FALSE,FALSE,210000,4,4
"IPOPI",FALSE,TRUE,207719.4,3,1
"Kantonsspital Winterthur",TRUE,FALSE,201914.81,42,30
"Kollegium für Hausarztmedizin",FALSE,FALSE,195349.8,12,12
"IBDnet – Swiss Research and Communications Network on Inflammatory Bowel Disease",FALSE,FALSE,190500,3,3
"Schweizerische Gesellschaft für Endokrinologie und Diabetologie",FALSE,FALSE,188100,6,6
"Swiss HIV Cohort Study",FALSE,FALSE,184326,3,3
"GSASA, Schweizerischer Verein der Amts- und Spitalapotheker",FALSE,FALSE,183700,20,20
"Congrex Switzerland Ltd.",FALSE,FALSE,178269,5,5
"Schweizerische Gesellschaft für Kardiologie",FALSE,FALSE,175737.93,12,11
"Kantonsspital Baselland",TRUE,FALSE,171174.6,37,22
"IMK Institut für Medizin und Kommunikation AG",FALSE,FALSE,170014,4,4
"Alzheimer Forum Schweiz",FALSE,FALSE,168550,3,3
"Schweizerische Gesellschaft für Gastroenterologie",FALSE,FALSE,166271,7,7
"European Dermatology Forum",FALSE,TRUE,166056.96,5,5
"Schweizerische Neurologische Gesellschaft SNG",FALSE,FALSE,165580,8,8
"World Heart Federation",FALSE,TRUE,165571.04,2,2
"Schweiz. Ophthalmol. Gesellschaft SOG SSO",FALSE,FALSE,165354,2,2
"Schweizerische Diabetegesellschaft SDG (Swiss Diabetes Association)",FALSE,FALSE,159030.4,23,10
"Schweizerische Hämophilie-Gesellschaft",FALSE,FALSE,154341.5009,9,5
"Schweizerische Vereinigung Morbus Bechterew",FALSE,FALSE,149509.05,12,6
"Ospedale Bellinzona e Valli EOC",TRUE,FALSE,143060.64,29,18
"Onkologiepflege Schweiz",FALSE,FALSE,140953,21,17
"Stadtspital Triemli",TRUE,FALSE,139724.43,27,19
"Hôpital du Valais",TRUE,FALSE,139436.64,39,34
"UICC - Union for International Cancer Control",FALSE,TRUE,138925.86,5,4
"World Health Organization",FALSE,TRUE,131437.8,1,1
"European Confederation of Medical Mycology ECMM",FALSE,TRUE,125466.05,2,2
"Universität Bern",TRUE,FALSE,121080,14,11
"Gesellschaft für Arzneimittelsicherheit in der Psychiatrie",FALSE,FALSE,117800,4,4
"Strongbones GmbH",FALSE,FALSE,117518.83,3,3
"Stiftung für wissenschaftliche Forschung am Stadtspital Triemli",TRUE,FALSE,116925,12,12
"Quadrimed",FALSE,FALSE,108799.6,10,10
"Swiss Tumor Institute",TRUE,FALSE,108509.09,13,11
"Arud Zentren für Suchtmedizin",FALSE,FALSE,108296,5,5
"aha! Allergiezentrum Schweiz",FALSE,FALSE,105565,10,4
"Stiftung SONK",FALSE,FALSE,103262.25,17,15
"Retina Suisse",FALSE,FALSE,100400,4,2
"Schweizerisches Tropeninstitut",FALSE,FALSE,99604.88,8,7
"Schweizerische Gesellschaft für Rheumatologie",FALSE,FALSE,98833,5,5
"Schweizerische Gesellschaft für Allergologie und Immunologie",FALSE,FALSE,98500,8,6
"Medvis GmbH",FALSE,FALSE,97248,2,2
"Bürgerspital Basel",TRUE,FALSE,96932,1,1
"pharmaSuisse",FALSE,FALSE,95480,5,3
"HFR Fribourg-Hôpital Cantonal",TRUE,FALSE,94560.4,19,19
"GBS & CIDP Initiative",FALSE,FALSE,93994.5,4,2
"Universitäre Psychiatrische Dienste Bern (UPD)",TRUE,FALSE,93662,16,9
"Hôpital neuchâtelois",TRUE,FALSE,92541,20,12
"Schweizerische Hypertonie Gesellschaft",FALSE,FALSE,91768.9,8,8
"Schweizerische Ärztegesellschaft für Manuelle Medizin (SAMM)",FALSE,FALSE,83358,21,16
"SEVHep Swiss Experts in Viral Hepatitis",FALSE,FALSE,81000,4,4
"Osteoporose-Rat Schweiz",FALSE,FALSE,80750,2,2
"Schweizerische Psoriasis und Vitiligo Gesellschaft",FALSE,FALSE,80136.651944,17,7
"Schweizerische Gesellschaft für Nephrologie",FALSE,FALSE,79200,5,5
"Fondation GECOR",TRUE,FALSE,78350,12,12
"HAWADOC AG",FALSE,FALSE,77700,7,4
"Université de Genève",TRUE,FALSE,74990.15,12,11
"European Society Dermatological Research",FALSE,TRUE,74138.63,3,3
"gynécologie suisse SGGG",FALSE,FALSE,73853,4,3
"Medizin Medien",FALSE,FALSE,73525,1,1
"Die HerzGefässStiftung",TRUE,FALSE,72843,7,6
"Schweizerische Gesellschaft für Pneumologie",FALSE,FALSE,68878.93,6,6
"Schweizerische Gesellschaft für Reproduktionsmedizin",FALSE,FALSE,67292.36,4,4
"Hirslanden Medical Center",FALSE,FALSE,65120,5,5
"Klinik Hirslanden",TRUE,FALSE,62782.2,21,13
"Schweizerische Gesellschaft für Cystische Fibrose",FALSE,FALSE,62282.78,13,5
"Fondation Asile des aveugles",FALSE,FALSE,61078,2,2
"AMIS Plus Stiftung",FALSE,FALSE,61000,3,3
"Haematology Nurses & Healthcare Professionals Group Hnhcp",FALSE,FALSE,60500,7,7
"SGPP Schweizerische Gesellschaft für Psychiatrie und Psychotherapie",FALSE,FALSE,59940,2,2
"ProRaris",FALSE,FALSE,59900,4,3
"Gruppo Medico Formazione",FALSE,FALSE,59100,18,17
"Spital Thurgau AG",TRUE,FALSE,58103,22,18
"Schweizerische Morbus Crohn und Colitis ulcerosa Vereinigung",FALSE,FALSE,57868.01,6,5
"Schweizerische Gesellschaft für Hämatologie",FALSE,FALSE,57500,9,9
"Universitäts-Kinderspital beider Basel UKBB",TRUE,FALSE,55313,9,9
"FMDH Fondation pour les maladies digestives",FALSE,FALSE,55000,1,1
"Stiftung Repronatal",FALSE,FALSE,54600,2,2
"dr-ouwerkerk ag - just-medical!",FALSE,FALSE,53832,1,1
"FoROMe Formation Romande en Oncologie Médicale",FALSE,FALSE,52750,9,9
"Psychiatrische Universitätsklinik Zürich",TRUE,FALSE,52613,7,4
"SGV/SSMC  Schweiz.  Gesellschaft",FALSE,FALSE,51416.7,3,3
"Schweizerische Gesellschaft für Angst und Depression",FALSE,FALSE,50617,6,6
"Schw. Gesellschaft für Urologie SGU",FALSE,FALSE,50560,4,4
"Médecins de Famille GE",FALSE,FALSE,50500,12,12
"Stiftung für klinische Forschung c/o Universitätsspital",TRUE,FALSE,50300,5,5
"Kantonsspital Baden AG",TRUE,FALSE,49871.17,16,11
"Zürcher Aids-Hilfe",FALSE,FALSE,49803.715,5,2
"Spital Schwyz",TRUE,FALSE,49663.66,13,12
"Fondazione Epatocentro Ticino",FALSE,FALSE,49565.2,5,5
"Schweiz. Gesellschaft für Anästhesiologie und Reanimation SGAR",FALSE,FALSE,48896,4,3
"Jeffrey Modell Foundation New York",FALSE,FALSE,48370,1,1
"SSMO SSOM SGMO",FALSE,FALSE,48060,8,8
"PEZZ Pädiatrisch-Endokrinologisches Zentrum Zürich",FALSE,FALSE,48000,1,1
"Schweizerische Gesellschaft zum Studium des Schmerzes",FALSE,FALSE,48000,5,5
"Kantonsspital Münsterlingen",TRUE,FALSE,47852.97,20,15
"RCC Net",FALSE,FALSE,47500,3,3
"Osteoporoseplattform Sgr",FALSE,FALSE,47000,3,3
"LUCE - Lung Cancer Europe",FALSE,TRUE,46613,3,3
"HARESO – Hausärzte Region Solothurn AG",FALSE,FALSE,46400,4,4
"SONAR Gruppe",FALSE,FALSE,46160,2,2
"BBS Congress GmbH",FALSE,FALSE,46133.95,5,4
"Swiss VitreoRetinal Group (SVRG) c/o Schweizerische Ophthalm.Gesells chaft lie. Iur. Florian Mitscherlich",FALSE,FALSE,44900,1,1
"Hôpital du Jura",TRUE,FALSE,44308,14,11
"SFK - Stiftung zur Förderung der Knochenmarktransplantation",FALSE,FALSE,44112.8099964,6,2
"Meeting Com Congress Organisation",FALSE,FALSE,44090,6,6
"Ärztezentrum Täfernhof",FALSE,FALSE,43213,4,4
"PizolCare AG",FALSE,FALSE,43100,8,8
"Fondation pour le Progrès en Microbiologie Médicale et Maladies Infectieuses (FAMMID)",FALSE,FALSE,42400,4,4
"Ärztekongress Arosa",FALSE,FALSE,41790.2,7,7
"Positivrat Schweiz",FALSE,FALSE,41725.16622,7,4
"Policlinique Medicale Universitaire",TRUE,FALSE,41458.15,6,6
"Vereinigung Zürcher Internisten",FALSE,FALSE,40296,10,10
"Blutspendezentrum SRK beider Basel",FALSE,FALSE,40000,1,1
"Geschäftsstelle beodocs",FALSE,FALSE,40000,7,7
"GIST-Gruppe Schweiz",FALSE,FALSE,40000,3,3
"SGI Schweizerische Gesellschaft für Intensivmedizin",FALSE,FALSE,40000,1,1
"AGLA - GSLA",FALSE,FALSE,39860,5,5
"Schweizerische Gesellschaft für Pädiatrie",FALSE,FALSE,39856,6,6
"Strategiekommission Urologie Arena",FALSE,FALSE,38111,1,1
"Stiftung Prostatakrebsforschung",FALSE,FALSE,37600,2,2
"Coagulation Latine",FALSE,FALSE,35926,4,4
"Sanacare AG",FALSE,FALSE,35911,2,2
"Spitalzentrum Biel AG",TRUE,FALSE,35533.85,13,13
"Krebsliga beider Basel",FALSE,FALSE,35200,3,2
"Kinderärzte Schweiz",FALSE,FALSE,34920,9,9
"Collège Médecine Premier Recours",FALSE,FALSE,34785,3,3
"Bürgerspital Solothurn",TRUE,FALSE,34380,14,11
"Schweizerische Gesellschaft für Allgemeinmedizin (SGAM)",FALSE,FALSE,34300.8,1,1
"S. Grasso Consulting",FALSE,FALSE,33780,6,6
"Schweizerische Polyarthritiker Vereinigung",FALSE,FALSE,33339.01,6,5
"DOXnet Ärztenetzwerk Bern Nord/West",FALSE,FALSE,33300,18,16
"Felix Platter-Spital",TRUE,FALSE,32320,3,3
"DIAfit",FALSE,FALSE,32000,1,1
"LGID Foundation Liver & Gastrointest. Disease Foundation",FALSE,FALSE,31778,3,3
"Fondation Pour Le Développement De La Médecine Interne En Europe",FALSE,TRUE,31028.33,1,1
"Clienia Schlössli AG",FALSE,FALSE,30768,1,1
"Spital Lachen AG",TRUE,FALSE,30752,9,7
"Psychiatrische Dienste Aargau AG",TRUE,FALSE,30121,11,8
"CardioVasc Schweiz AG",FALSE,FALSE,30000,1,1
"Fondation étude de cohorte hépatite C",FALSE,FALSE,30000,1,1
"Fondation F.A.B.E.R.",FALSE,FALSE,30000,1,1
"Osteoporose-Rat",FALSE,FALSE,30000,1,1
"Société Vaudoise de Médecine",FALSE,FALSE,29667,7,6
"REMED. Association de medecins genevois",FALSE,FALSE,29500,10,10
"Schweizerische Patientenorganisation für Lymphombetroffene und Angehörige",FALSE,FALSE,29348.577442212,9,8
"Ärtzenetzwerk Igomed",FALSE,FALSE,29016,8,7
"palliative ch, Schweizerische Gesellschaft für Palliative Medizin, Pflege und Begleitung",FALSE,FALSE,29000,3,2
"Retina, International",FALSE,TRUE,28831.5,2,1
"Fondation fribourgeoise pour la recherche et la formation sur le cancer",FALSE,FALSE,28500,7,6
"Fondation USCADE",FALSE,FALSE,28500,3,3
"Swiss Eye Institute AG",FALSE,FALSE,28044,2,2
"Ärztenetzwerk Grauholz",FALSE,FALSE,28000,12,12
"Kardiologische Gemeinschaftspra xis AG",FALSE,FALSE,28000,4,4
"Grisomed (Ärztenetzwerk Graubünden)",FALSE,FALSE,27800,2,2
"GZO Spital Wetzikon",TRUE,FALSE,27737.51,10,9
"Aospine Foundation",FALSE,FALSE,27600,1,1
"Psorinet Kompetenznetz Psoriasis Niedergelassener Dermatologen Schweiz",FALSE,FALSE,27500,3,3
"Hirslanden Klinik St. Anna",TRUE,FALSE,27295,13,10
"Ordine dei medici del Canton Ticino",FALSE,FALSE,26849,12,12
"Psychiatrie Baselland",TRUE,FALSE,25940,9,7
"Stiftung für die Forschung in der Gastroenterologie und Hepatologie",FALSE,FALSE,25500,4,4
"Myelom Kontaktgruppe Schweiz",FALSE,FALSE,25495.310797,6,4
"Forum Managed Care",FALSE,FALSE,25140,4,4
"Krebsforschung Schweiz",FALSE,FALSE,25000,1,1
"Centre de Chimiothérapie CCAC SA",FALSE,FALSE,24500,17,15
"Schweizerischer Transplantierten Verein",FALSE,FALSE,24500,4,2
"Spitalregion Fürstenland Toggenburg",TRUE,FALSE,24347.5,9,7
"SGC-SSC Schweizerische Gesellschaft für Chirurgie",FALSE,FALSE,23990,1,1
"Schweizerischer Verband Medizinischer Praxis Assistentinnen",FALSE,FALSE,23980,7,6
"Medworld AG",FALSE,FALSE,23920,1,1
"Hôpital du Jura Bernois, Moutier",TRUE,FALSE,23592,8,8
"Circolo medico di Locarno",FALSE,FALSE,23500,13,13
"Associazione Mendrisio Medical Meeting",FALSE,FALSE,23400,10,10
"Société Neuchâteloise de Médecine",FALSE,FALSE,23314.82,8,8
"Centre neuchâtelois de psychiatrie",FALSE,FALSE,23175,6,6
"St. Claraspital AG",TRUE,FALSE,22755.6,9,6
"swiss orthopaedics",FALSE,FALSE,22668,1,1
"International Breast Cancer Study Group",FALSE,TRUE,22435.61,1,1
"Medizinisches Kompetenzzentrum für ADPKD Hirslanden",FALSE,FALSE,22000,1,1
"Mediworld AG (Medidays)",FALSE,FALSE,21710,4,3
"Kollegium Brustkrebs",FALSE,FALSE,21600,1,1
"Zmed Zürcher Aerzte Gemeinschaft AG",FALSE,FALSE,21600,1,1
"Solothurner Spitäler AG",TRUE,FALSE,21201,10,9
"Privatklinik Obach",TRUE,FALSE,21180,9,9
"SHN Suisse Hemophilia Network",FALSE,FALSE,21100,2,2
"Pallas Kliniken AG Augen + Augenlaser",TRUE,FALSE,21000,1,1
"Schweizerisches Institut für Klein- und Mittelunternehmen",FALSE,FALSE,21000,1,1
"Ärzteverein Werdenberg/Sargans",FALSE,FALSE,20448,13,12
"Schweizerische Gesellschaft für Blasenschwäche",FALSE,FALSE,20281,1,1
"Hôpital Riviera Chablais Vd-Vs",TRUE,FALSE,20251,8,7
"Bethesda Spital AG",TRUE,FALSE,20176,10,10
"Hôpital de Zone de Nyon - GHOL",TRUE,FALSE,20146,11,7
"Fondazione Cardiocentro Ticino",FALSE,FALSE,20089,8,8
"Kantonsspital Nidwalden",TRUE,FALSE,20060.13,6,5
"Ärztegesellschaft des Kantons Zug",FALSE,FALSE,20000,3,3
"Notfallkreis Sissach/Gelterkinden",FALSE,FALSE,20000,3,3
"SAMMSU Swiss Association for the medical Management in Substance Users",FALSE,FALSE,20000,1,1
"See-Spital Standort Horgen",TRUE,FALSE,19785.85,15,15
"Medipress Medical Publishing GmbH",FALSE,FALSE,19714.29,1,1
"Axantus Sàrl",FALSE,FALSE,19600,1,1
"Stiftung für Parkinsonforschung",FALSE,FALSE,19500,3,3
"Schweizer PH-Verein für Menschen mit pulmonaler Hypertonie",FALSE,FALSE,19000,2,2
"Parkinson Schweiz",FALSE,FALSE,18957.05,6,2
"Vereinigung der Zürcher Internisten",FALSE,FALSE,18800,4,4
"Spital Limmattal",TRUE,FALSE,17647.25,6,6
"Forum Suchtmedizin Innerschweiz",FALSE,FALSE,17500,6,3
"Schweizer Paraplegiker Zentrum",FALSE,FALSE,17264,9,7
"Service de Psychiatrie Adulte -CAPPI Eaux-Vives",TRUE,FALSE,17261,6,1
"ADR-AC GmbH",FALSE,FALSE,17100,1,1
"Clinica Luganese Moncucco SA",TRUE,FALSE,16880,7,7
"Universitäre Psychiatrische Kliniken",TRUE,FALSE,16841,11,6
"dynamische Kurzpsychotherapie atelierPsy&Psy",FALSE,FALSE,16750,7,6
"CMCB Centre Médico-Chirurgical",FALSE,FALSE,16400,7,7
"EPDA
European Parkinson Disease¹s Association",FALSE,TRUE,16398.9,1,1
"GAFFI",FALSE,FALSE,15829,1,1
"ESRA - The European Society of Regional Anaesthesia & Pain Therapy",FALSE,TRUE,15696,1,1
"Collegium Internationale Neuro-Psychopharmacologicum (CINP)",FALSE,TRUE,15689,1,1
"Alternative Communication",FALSE,FALSE,15600,4,4
"Europa Donna",FALSE,TRUE,15590.2693896,4,3
"Centrale d'appel Lausanne",FALSE,FALSE,15518,1,1
"Universitätsklinik Balgrist",TRUE,FALSE,15508,6,5
"Sanatorium Kilchberg AG",FALSE,FALSE,15507,5,5
"Forschungsstiftung Hirslanden",TRUE,FALSE,15500,4,4
"Clinique romande de réadaptation",TRUE,FALSE,15120,5,5
"Ärztenetzwerk Bantiger",FALSE,FALSE,15000,6,6
"Dermatologische Klinik",TRUE,FALSE,15000,1,1
"fabrysuisse",FALSE,FALSE,15000,1,1
"kispex Kinder-Spitex Kanton Zürich",FALSE,FALSE,15000,1,1
"Rheumasearch Foundation",FALSE,FALSE,15000,2,2
"Schweizerische Muskelgesellschaft",FALSE,FALSE,15000,1,1
"SGR-SSR",FALSE,FALSE,15000,1,1
"Stiftung zur Förderung der Medizin im Engadin",FALSE,FALSE,15000,2,2
"Stiftung zur Förderung der Medz Fortbil Im Engadin",FALSE,FALSE,15000,1,1
"Swiss TSC Network Geschäftsstelle: Pro Medicus GmbH Frau Iris Wallimann",FALSE,FALSE,15000,1,1
"Zürcher Gesundheitsnetz ZGN",FALSE,FALSE,15000,3,3
"Schweiz. Gesellschaft für Neuropädiatrie Geschäftsstelle SGNP Herr Prof. P. Weber",FALSE,FALSE,14750,1,1
"Spital Grabs",TRUE,FALSE,14490,2,2
"Krebsliga Zug",FALSE,FALSE,14467.02,6,3
"Medizinischer Verein vom Linthgebiet",FALSE,FALSE,14300,7,6
"Associazione medici anestesisti canton Ticino",FALSE,FALSE,14015,6,5
"Société Suisse d’Endocrinologie et Diabétologie Pédiatriques",FALSE,FALSE,14000,2,2
"Oncologia Varini Calderoni Christinat Bianchi Via Fogazzaro 3 Lugano",FALSE,FALSE,13980,1,1
"Swiss Society of Neonatology",FALSE,FALSE,13720,2,2
"Schweizerische Gesellschaft für Herz- und thorakale Gefässchirurge (SGHC)",FALSE,FALSE,13708,3,3
"Kantonsspital Olten",TRUE,FALSE,13654,9,8
"Klinik Beau-Site",TRUE,FALSE,13572.49,2,2
"Allergy & Immunology Update (AIU)",FALSE,FALSE,13500,1,1
"SGKN -
 Schweizerische Gesellschaft für klinische Neurophysiologie",FALSE,FALSE,13500,2,2
"Hôpital Intercantonal de la Broye",TRUE,FALSE,13153.75,6,5
"Kenes International",FALSE,TRUE,13092,1,1
"Klinik Bethesda",TRUE,FALSE,13079,5,5
"Apprendre a vivre avec le cancer",FALSE,FALSE,13000,2,2
"Reha Rheinfelden",TRUE,FALSE,12977.77,7,7
"Swiss Association for the Study of the Liver",FALSE,FALSE,12888,2,2
"Kids Kidney Care",FALSE,FALSE,12680,4,4
"Impulze GmbH",FALSE,FALSE,12520,2,2
"adhs20+ Kontaktstelle für Erwachsene",FALSE,FALSE,12500,1,1
"Association Vaudoise du diabète",FALSE,FALSE,12500,2,2
"Bündner Oberländer Ärzteverein",FALSE,FALSE,12500,5,4
"Verband Schweizer Assistenz- und Oberärzt/Innen",FALSE,FALSE,12500,1,1
"CPMA Centre de Procréation Médicalement Assisté",FALSE,FALSE,12320,1,1
"Hôpital de Cery",TRUE,FALSE,12280,2,2
"Stiftung Theodora",FALSE,FALSE,12080,2,2
"Réseau Santé Balcon du Jura.vd",FALSE,FALSE,12046,8,8
"Dermatologische Gesellschaft",FALSE,FALSE,12000,5,5
"English Speaking Cancer Association",FALSE,FALSE,12000,2,2
"Gesellschaft der Aerzte des Zürcher Oberlandes AGZO",FALSE,FALSE,12000,2,2
"LEGA Polmonare Ticinese",FALSE,FALSE,12000,1,1
"Spital Zweisimmen",TRUE,FALSE,12000,5,5
"Spitex-Förderver ein
 Allschwil-Schöne nbuch + Binningen",FALSE,FALSE,12000,1,1
"Gastrointestinales Tumorzentrum",FALSE,FALSE,11800,1,1
"Réseau Fribourgeois de Santé Mentale",FALSE,FALSE,11692,6,6
"notfallTraining Schweiz GmbH",FALSE,FALSE,11550,1,1
"Association D'Aesculape en Lavaux",FALSE,FALSE,11500,6,6
"Brustzentrum Regio Basiliensis",FALSE,FALSE,11500,3,3
"Hôpital des Trois Chênes",TRUE,FALSE,11500,2,2
"La Tour Reseau de Soins SA",TRUE,FALSE,11500,3,3
"Diabetes-Gesellschaft Region Basel",FALSE,FALSE,11000,3,2
"Schweizerische Herzrhythmus Stiftung SHRS",FALSE,FALSE,11000,2,2
"Staatsverein",FALSE,FALSE,11000,3,1
"Stiftung WHM",FALSE,FALSE,11000,1,1
"Luzerner Psychiatrie",TRUE,FALSE,10964,8,5
"Verein GUCH Schweiz",FALSE,FALSE,10944,2,2
"Groupe Médicine & Hygiène",FALSE,FALSE,10816,4,4
"Circolo medico del Bellinzonese",FALSE,FALSE,10800,7,7
"Ensemble Hospitalier de la Côte",TRUE,FALSE,10740,9,8
"LH Medical Management GmbH",FALSE,FALSE,10740,3,3
"Clinique Le Noirmont",TRUE,FALSE,10532,8,8
"Clinique de la Source",TRUE,FALSE,10500,5,5
"Hôpital ophtalmique Jules",TRUE,FALSE,10500,2,2
"Société Vaudoise de Pharmacie",FALSE,FALSE,10500,4,4
"Etop",FALSE,FALSE,10443.57,1,1
"SGORL Swiss Society of ORL Head and Neck Surgery",FALSE,FALSE,10400,2,2
"EuropaColon",FALSE,TRUE,10385.97,1,1
"Kantonsspital Schaffhausen",TRUE,FALSE,10289,4,4
"SVMTRA",FALSE,FALSE,10186,1,1
"Entlebucher Hausärztetage / VLUHA",FALSE,FALSE,10185,1,1
"Ärzte am Rhein AG",FALSE,FALSE,10000,7,7
"AVKZ Apothekerverband des Kantons Zürich",FALSE,FALSE,10000,2,1
"Dr. Sexual Health Ärzte für sexuelle Gesundheit",FALSE,FALSE,10000,1,1
"Endometriose Vereinigung Schweiz",FALSE,FALSE,10000,1,1
"Fachgesellschaft",FALSE,FALSE,10000,1,1
"FIVNAT Kommission",FALSE,FALSE,10000,1,1
"Groupement des psychiatres et psychothérapeutes Vaudois",FALSE,FALSE,10000,2,2
"Hausarztzentrum Gersaq",FALSE,FALSE,10000,1,1
"Institute of Pharmaceutical Medicine (ECPM)",FALSE,FALSE,10000,2,1
"Kantonale Ärztegesellschaft Schaffhausen",FALSE,FALSE,10000,3,3
"Kantonale Psychiatrische Dienste - Sektor Nord",TRUE,FALSE,10000,5,3
"Praxisklinik Binningen",TRUE,FALSE,10000,3,3
"QualiCCare",FALSE,FALSE,10000,1,1
"Spital Linth",TRUE,FALSE,10000,4,4
"Stiftung für krebskranke Kinder",FALSE,FALSE,10000,1,1
"Vereinigung Cerebral Basel",FALSE,FALSE,10000,1,1
"EUROTOX -Association of European Toxicologists and European Societies of Toxicology",FALSE,TRUE,9869,1,1
"Hôpital du Jura bernois SA",TRUE,FALSE,9700,4,4
"APSI Associazione Pediatri della Svizzera Italiana",FALSE,FALSE,9540,3,3
"Cansearch: Fondation contre le cancer de l'enfant",FALSE,FALSE,9500,3,3
"Lenker Woche",FALSE,FALSE,9500,4,4
"Verein zur Förderung",FALSE,FALSE,9500,2,1
"International Alliance For Biological Standardization",FALSE,TRUE,9482.9,1,1
"Eastcare AG",FALSE,FALSE,9353,2,1
"OsteoSwiss",FALSE,FALSE,9290,3,3
"Psychiatriezentrum Münsingen PZM",TRUE,FALSE,9267,6,6
"REA2000",FALSE,FALSE,9200,1,1
"Fondation Rhumatisme Enfants Suisse",FALSE,FALSE,9000,3,3
"Réseau des Pédiatres Genevois",FALSE,FALSE,9000,1,1
"Vistaklinik",TRUE,FALSE,9000,2,2
"Groupement des pneumologues genevois",FALSE,FALSE,8851.85,5,5
"Blutspende SRK Schweiz AG",FALSE,FALSE,8800,3,3
"Hôpital du Jura, Delémont",TRUE,FALSE,8773,4,3
"Luzerner Höhenklinik Montana",TRUE,FALSE,8740,4,4
"Hôpital de Morqes (EHC)",TRUE,FALSE,8592,3,3
"H+ Die Spitäler der Schweiz Verband Spital",TRUE,FALSE,8580,2,2
"Ärztegesellschaft Gäu",FALSE,FALSE,8500,5,5
"Ärztenetzwerk Gesundes Rheintal",FALSE,FALSE,8500,3,3
"Clinica psichiatrica cantonale",TRUE,FALSE,8500,4,4
"Movember Europe",FALSE,TRUE,8500,1,1
"Schweizerische Parkinsonvereinigung",FALSE,FALSE,8500,2,2
"SSBP Swiss Society of Biological Psychiatry",FALSE,FALSE,8500,2,2
"Kantonsspital",TRUE,FALSE,8455,6,3
"BV Congress Creating GmbH",FALSE,FALSE,8430,2,2
"Kantonsspital Glarus",TRUE,FALSE,8400,8,6
"Organizers Schweiz GmbH",FALSE,FALSE,8370,1,1
"IPW - Psychiatrie-Zentrum Hard",FALSE,FALSE,8352,5,5
"CRR SuvaCare / Clinique romande de réadaptation",TRUE,FALSE,8277.9,6,6
"Klinik Valens",TRUE,FALSE,8098,4,4
"Asana Gruppe AG, Spital Leuggern",TRUE,FALSE,8040,1,1
"Augenzentrum Bahnhof Basel",FALSE,FALSE,8000,1,1
"Mednet Bern AG",FALSE,FALSE,8000,1,1
"Oberwalliser Ärztegesellschaft",FALSE,FALSE,8000,4,4
"Schweizerische Gesellschaft für Pathologie",FALSE,FALSE,8000,2,2
"Schweiz. Vereinig. Gegen die Osteoporose/Assoc. Suisse contre l'Ostéoporose",FALSE,FALSE,8000,2,2
"Swiss Paediatric Oncology Group",FALSE,FALSE,8000,1,1
"SwissPKD",FALSE,FALSE,8000,1,1
"Äquilibirs Seminare AG",FALSE,FALSE,7900,2,2
"Blueye Vision Tech GmbH",FALSE,FALSE,7872,2,2
"Regionalspital Emmental AG",TRUE,FALSE,7792,4,3
"Congres Medical Quadrimed",FALSE,FALSE,7740.7,1,1
"Association Romande des Assistantes Médicales",FALSE,FALSE,7700,5,4
"medswiss.net",FALSE,FALSE,7600,2,2
"Spital Herisau",TRUE,FALSE,7517.78,9,8
"E-HealthSolutions GmbH",FALSE,FALSE,7500,2,2
"LT3 Suisse Sagl",FALSE,FALSE,7500,1,1
"Lysosuisse",FALSE,FALSE,7500,1,1
"Schweizerische Interessengruppe für Diabetesfachberatung",FALSE,FALSE,7500,2,2
"Swiss ICU Network",FALSE,FALSE,7500,2,2
"Swiss Society for Interventional Pain Management",FALSE,FALSE,7500,1,1
"Healthworld",FALSE,FALSE,7456,2,2
"Clinique de Genolier SA",TRUE,FALSE,7437.61,6,6
"Ärzteverband Bezirk Zofingen",FALSE,FALSE,7314,5,5
"Trägerverein Paracelsus-Spital",TRUE,FALSE,7254.6,3,3
"Societe Suisse de Psychiatrie et Psychotherapie (S",FALSE,FALSE,7169,1,1
"Clinique de Carouge SA",TRUE,FALSE,7061,5,5
"Aerztegesellschaft Thurgau Sekretariat",FALSE,FALSE,7000,1,1
"Europa Uomo Schweiz",FALSE,TRUE,7000,2,2
"Groupement des Neurologues",FALSE,FALSE,7000,2,2
"Hausärztlicher Qualitätszirkel",FALSE,FALSE,7000,2,2
"Hausarztlicher Qualitätszirkel Oberthurgau",FALSE,FALSE,7000,2,2
"INetz",FALSE,FALSE,7000,1,1
"Medinform",FALSE,FALSE,7000,2,2
"Stiftung Urologische Forschung",FALSE,FALSE,7000,1,1
"Aids-Hilfe Bern",FALSE,FALSE,6873.04,2,2
"Rheumaliga Schaffhausen",FALSE,FALSE,6817.01,5,3
"Profecta AG",FALSE,FALSE,6800,1,1
"Reseau Fribourgeois de Sante Mentale",FALSE,FALSE,6719,3,2
"Journée de Gériatrie de Chaumont",FALSE,FALSE,6700,1,1
"Davos Congress",FALSE,FALSE,6690,2,2
"Junge Hausärztinnen und -ärzte (JHaS)",FALSE,FALSE,6656,2,2
"Universite de Neuchatel",TRUE,FALSE,6633,1,1
"Fondation pour la recherche en Hypertension",FALSE,FALSE,6600,2,2
"Unione Farmaceutica Distrib. SA",FALSE,FALSE,6600,2,2
"Réseau de soins Delta",FALSE,FALSE,6585,3,3
"Aerztevereinigun g Sensebezirk",FALSE,FALSE,6500,3,3
"Lindenhof AG - Sonnenhofspital",TRUE,FALSE,6500,4,4
"VGZ Verein Gastroenterologie Zürich",FALSE,FALSE,6500,3,3
"Klinik Barmelweid AG",TRUE,FALSE,6475,3,3
"Swiss Family Doc/ vertreten durch Medworld",FALSE,FALSE,6350,1,1
"VLUHA ""Vereinigung Luzerner Hausärzte""",FALSE,FALSE,6200,4,2
"AarReha Schinznach",FALSE,FALSE,6122,6,6
"Berner Augenklinik am Lindenhofspital",TRUE,FALSE,6067,4,4
"Appenzellische Ärztegesellschaft",FALSE,FALSE,6000,3,3
"Ärztenetzwerk Oberaargau",FALSE,FALSE,6000,1,1
"Ärztenetzwerk Oberes Emmental",FALSE,FALSE,6000,3,3
"ASI-ADOC",FALSE,FALSE,6000,5,5
"Assoatatwn ‘Joumee Jurassienne de Medecine’",FALSE,FALSE,6000,3,3
"Fent Event GmbH, SKG Herbsttagung",FALSE,FALSE,6000,1,1
"Schweizerische Gesellschaft für Psychoonkologie",FALSE,FALSE,6000,3,3
"Spitalreqion Fürstenland Toqqenburq (SRFT)",TRUE,FALSE,6000,3,3
"Stiftung Tox Info Suisse",FALSE,FALSE,6000,1,1
"Swiss Transplantation Society",FALSE,FALSE,6000,2,2
"Tumor- und Brustzentrum ZeTuP",FALSE,FALSE,5981,2,2
"Brust-Zentrum",FALSE,FALSE,5900,2,2
"INHSU",FALSE,FALSE,5858,1,1
"Association valaisanne du diabète",FALSE,FALSE,5801,4,3
"Associazione Discorsi Relazionali (DiRe)",FALSE,FALSE,5800,5,5
"Neurozentrum Bellevue",FALSE,FALSE,5800,2,2
"Associazione Medici Internisti Ticinesi (AMITI)",FALSE,FALSE,5750,7,7
"KMS Kongress Management Swiss",FALSE,FALSE,5744,2,2
"Qualitätszirkel",FALSE,FALSE,5660,2,2
"Lungenliga des Kantons Genf",FALSE,FALSE,5620,3,3
"Hôpital Yverdon-Ies-Bains eHnv -Pharmacie",TRUE,FALSE,5592,1,1
"Associazione Proprietari di Farmacie del Canton Ticino",FALSE,FALSE,5556,2,1
"Davos Destinations-Organisation",FALSE,FALSE,5540,1,1
"Aesculap Akademie",FALSE,FALSE,5500,2,2
"Geriatnsche Klinik St. Gallen AG",TRUE,FALSE,5500,2,2
"Schweizerische Akademie der Pharmazeutischen Wissenschaften",FALSE,FALSE,5500,3,3
"Stiftung Förder. Ausb. med. Rad.",FALSE,FALSE,5500,1,1
"Zürcher Gesellschaft für Kardiologie ZGK",FALSE,FALSE,5500,2,2
"GRIMM ""Groupement de medecins valaisans""",FALSE,FALSE,5400,2,2
"IFFM - Institut für Forschung und Fortbildung in der Medizin",FALSE,FALSE,5400,3,3
"Kardiologie Plus GmbH",FALSE,FALSE,5400,1,1
"Associazione Ticinese Assistenti di Studio Medico",FALSE,FALSE,5300,3,3
"Associazione Triangolo",FALSE,FALSE,5300,3,3
"Solothurner Spitäler",TRUE,FALSE,5300,5,4
"Clinique Genevoise de Montana",TRUE,FALSE,5266,1,1
"SwissPedNet",FALSE,FALSE,5223,1,1
"Klinik Schützen",TRUE,FALSE,5200,2,2
"Stiftung ToGo opening eyes",FALSE,FALSE,5150,2,2
"Intervisionsgruppe Dr. Fritz Ramseier",FALSE,FALSE,5100,2,2
"Cardiologie Pediat rique§ schweizeris che Gesellschaft f ür Pädiatrische Ka rdiologie",FALSE,FALSE,5092.59,1,1
"Aerztenetzwerk Bern",FALSE,FALSE,5000,1,1
"Ärztezentrum Jegenstorf",FALSE,FALSE,5000,1,1
"Ärztezentrum Oberdiessbach",FALSE,FALSE,5000,1,1
"Association Zoé 4 life",FALSE,FALSE,5000,1,1
"Centro Pediatrico del Mendrisiotto",FALSE,FALSE,5000,4,4
"Diabetes Adipositas Zentrum Zürich DAZZ",FALSE,FALSE,5000,1,1
"EPFL - Ccole polytechnique f£d6rale de Lausanne PRES",FALSE,FALSE,5000,1,1
"Equilibrium",FALSE,FALSE,5000,1,1
"Fondation Action Madagascar",FALSE,FALSE,5000,1,1
"Fondation Francine Delacrétaz",FALSE,FALSE,5000,1,1
"Fondazione Di Ricerca Psicooncologica",FALSE,FALSE,5000,1,1
"Gruppenpraxis Spiez, Seestrasse 30",FALSE,FALSE,5000,1,1
"Hausärzteverein Doccare",FALSE,FALSE,5000,1,1
"KSiA – Kompetenzzentrum für Sehbehinderung im Alter",FALSE,FALSE,5000,1,1
"onko.geriatrie",FALSE,FALSE,5000,1,1
"PraxaMed, Ärztezentrum Attiswil-Wiedlisbach",FALSE,FALSE,5000,1,1
"Praxis Dr. Schöpf Josef",FALSE,FALSE,5000,1,1
"Regionalspital Surselva AG",TRUE,FALSE,5000,3,3
"Rheumakränzli Zentralschweiz",FALSE,FALSE,5000,5,5
"RhyMed",FALSE,FALSE,5000,1,1
"Sce Des Maladies Osseuses",FALSE,FALSE,5000,1,1
"Schweizerische Liga gegen Epilepsie",FALSE,FALSE,5000,1,1
"Second Chance Association",FALSE,TRUE,5000,1,1
"SGKA/SSAP - Schweizerische Gesellschaft für Kinderanästhesie",FALSE,FALSE,5000,1,1
"Société Suisse de Psychiatrie Biologique",FALSE,FALSE,5000,2,2
"Songe Symposium",FALSE,FALSE,5000,3,3
"Stiftung Für Menschen Mit Seltenen Krankheiten",FALSE,FALSE,5000,1,1
"Swiss Association of Obstetric Anästhesia SAOA",FALSE,FALSE,5000,2,2
"Univ. della Svizzera italiana",TRUE,FALSE,5000,2,2
"VEDAG (Verband deutschschweizerischer Ärztegesellschaften)",FALSE,FALSE,5000,1,1
"VLUHA / Entlebucher Hausärztetage",FALSE,FALSE,5000,1,1
"Krebsliga Schweiz",FALSE,FALSE,4923.338402,2,1
"Spital Männedorf AG",TRUE,FALSE,4900,3,3
"fertisuisse",FALSE,FALSE,4863,2,2
"Spital Region Oberaargau",TRUE,FALSE,4826.7,6,6
"360° Kinderwunsch Zentrum Zürich",FALSE,FALSE,4800,3,3
"Schweizerische Gesellschaft für familiäre Hypercholesterinämie",FALSE,FALSE,4800,1,1
"Ligue vaudoise contre le rhumatisme",FALSE,FALSE,4760,3,3
"Zürcher Diabetes-Gesellschaft",FALSE,FALSE,4734,2,2
"Circolo di Qualità",FALSE,FALSE,4700,6,5
"MEDA Pharma GmbH",FALSE,FALSE,4695.85,1,1
"Groupe Sida Genève",FALSE,FALSE,4646.355,2,1
"RELIABLE CANCER THERAPIES",FALSE,FALSE,4540,2,1
"AGFAM Arbeitsgemeinschaft Fortbildung für Apotheken- Mitarbeiter",FALSE,FALSE,4500,1,1
"Ärztegesellschaft Luzern",FALSE,FALSE,4500,2,2
"Associazione Ticinese per i Diabetici",FALSE,FALSE,4500,3,2
"Lindenhof AG",FALSE,FALSE,4500,2,2
"Lungenliga Solothurn",FALSE,FALSE,4500,4,3
"Schweizerische Pankreasstiftung",FALSE,FALSE,4500,1,1
"Spital Bülach",TRUE,FALSE,4450,4,4
"Helbling Consulting And Research",FALSE,FALSE,4442.25,3,2
"Hirslanden SA Clinique Bois-Cerf",TRUE,FALSE,4400,4,2
"Centre Médical de Vidy",FALSE,FALSE,4302,1,1
"Pierre Michetti (Academic)",FALSE,FALSE,4200,1,1
"Schweizerische Adipositas-Stiftung SAPS",FALSE,FALSE,4107.01,2,2
"Società Ultrasonologia Medica Svizzera Italiana",FALSE,FALSE,4085,5,5
"Ostschweizer Kinderspital",TRUE,FALSE,4047,2,2
"Cabinet de groupe Genève, Viollier Weintraub SA",FALSE,FALSE,4000,1,1
"Cancerdrugs",FALSE,FALSE,4000,2,2
"Equipage-UTC",FALSE,FALSE,4000,2,2
"FLAVA (Fondation Latine des Voies Aériennes)",FALSE,FALSE,4000,2,2
"Gastro Praxis Chur Dr. Zala Gianfranco / Dr. Werth Baseli",FALSE,FALSE,4000,1,1
"Groupement des medecins du sud fribourgeois",FALSE,FALSE,4000,2,2
"Hôpital du Pays d'Enhaut",TRUE,FALSE,4000,3,3
"Institut für morphologische Diagnostik Zum Regenbogen AG Konstanzerstrasse 27 Kreuzlingen",FALSE,FALSE,4000,1,1
"Krebsliga Zürich",FALSE,FALSE,4000,2,1
"Löwenpraxis",FALSE,FALSE,4000,2,2
"mmconsult volante GmbH",FALSE,FALSE,4000,1,1
"Pharmactuel",FALSE,FALSE,4000,2,2
"pharmActuel-Vaud",FALSE,FALSE,4000,2,2
"SGG Schweizeris che Gesellschaft f ür Gefässchirurgie",FALSE,FALSE,4000,1,1
"Société Médicale Beaulieu",FALSE,FALSE,4000,2,2
"Spital Davos",TRUE,FALSE,4000,2,2
"SSCLP Schweizerische Gesellschaft für Konsiliar- und Liaisonpsychiatrie",FALSE,FALSE,4000,1,1
"St. Moritzer Aerztegesellschaft",FALSE,FALSE,4000,3,3
"Swissendos Fribourg",FALSE,FALSE,4000,1,1
"Swiss Expert Network on Burnout",FALSE,FALSE,4000,2,2
"Swisstransplant",FALSE,FALSE,4000,1,1
"Swiss Tumor Board",TRUE,FALSE,4000,1,1
"Vba Vereinigung Bernischer Anästhesiologen",FALSE,FALSE,4000,3,3
"Schweizerische Gesellschaft für Anästhesiepflege",FALSE,FALSE,3840,2,2
"Gesundheitszentrum Fricktal AG",TRUE,FALSE,3800,4,4
"SMGP Schweiz. Medizinische Gesellschaft für Phytotherapie",FALSE,FALSE,3800,1,1
"Pill Group AG",FALSE,FALSE,3780,1,1
"Circolo medico di qualità Pardomed",FALSE,FALSE,3750,5,5
"Schweizerische Lupus Erythematodes Vereinigung",FALSE,FALSE,3727,4,4
"Cabinet Dr Claeys Michel",FALSE,FALSE,3703.7,1,1
"Vereinigung der Zürcher Kinderärzte VZK",FALSE,FALSE,3700,3,3
"Schweizerische Blinden-­‐ und Sehbehindertenverband",FALSE,FALSE,3650,1,1
"Swiss Association of Pharmaceutical - Professionals SwAPP",FALSE,FALSE,3650,3,3
"ESPD Summerschool 2015 c/o MCI Suisse SA",FALSE,FALSE,3630,1,1
"Fortbildungsgruppe Adler",FALSE,FALSE,3600,3,3
"Schw. Arbeitsgr. für Kolo-Rekto-Proktologie",FALSE,FALSE,3600,2,2
"Société Suisse de Chirurgie plastique reconstructive et esthétique",FALSE,FALSE,3600,1,1
"Université de Fribourg",TRUE,FALSE,3600,2,2
"Swiss MD-PhD Association (SMPA) c/o Atanas Todorov",FALSE,FALSE,3586,1,1
"Kopfwehzentrum Hirslanden",FALSE,FALSE,3580,2,2
"Psychiatrisches Zentrum Appenzell Ausserrhoden",TRUE,FALSE,3580,4,4
"Schweizer Selbshilfegruppe für Krankheiten der Hypophyse (Wegweiser)",FALSE,FALSE,3523,1,1
"Arbeitsgemeinschaft für Gynäkologische Endoskopie",FALSE,FALSE,3500,1,1
"Centre Medical de Gland",FALSE,FALSE,3500,1,1
"Centre Medical de Renens",FALSE,FALSE,3500,1,1
"Clinique Generale-Beaulieu",TRUE,FALSE,3500,2,2
"ECO, Gruppo Regionale ticinese di Ecocardiografia",FALSE,FALSE,3500,1,1
"Gruppo di qualilä di Viganello",FALSE,FALSE,3500,1,1
"HFR Täfers",FALSE,FALSE,3500,1,1
"Krebsliga Fribourg",FALSE,FALSE,3500,3,2
"Spitalregion Rheinland-Werdenberg-Sarganserland",TRUE,FALSE,3500,2,2
"Swiss Cancer Congress",FALSE,FALSE,3500,1,1
"Tox Info Suisse",FALSE,FALSE,3500,4,4
"SGP - Schweizerische Gesellschaft für Phlebologie c/o Meister ConCept GmbH",FALSE,FALSE,3420,1,1
"Ebmt Swiss Nurses Working Group",FALSE,TRUE,3400,2,2
"Ligue Genevoise contre le Rhumatisme",FALSE,FALSE,3400,2,2
"Hôpital du Dura bernois SA Site de Moutier",TRUE,FALSE,3302,1,1
"FONDATION RECHERCHE ET FORMATION DESG",FALSE,FALSE,3300,1,1
"Spital Menziken Asana Gruppe AG",TRUE,FALSE,3300,2,2
"Velke GmbH",FALSE,FALSE,3300,1,1
"VKBD Verein Kantonaler Bernischer Dermatologen",FALSE,FALSE,3300,1,1
"Fondation Romande pour la recherche sur le diabète",FALSE,FALSE,3250,2,2
"Rehaklinik Zihlschlacht AG",TRUE,FALSE,3241,1,1
"European Academy of Paediatrics (EAP)",FALSE,TRUE,3240.88,1,1
"CAP Club Pharmaciens animateurs de Suisse",FALSE,FALSE,3240,1,1
"Rheumapraxis Sursee",FALSE,FALSE,3240,1,1
"SeelandNet",FALSE,FALSE,3240,1,1
"Praxis TUCARE",FALSE,FALSE,3213,4,4
"Stadtspital Waid",TRUE,FALSE,3204,3,3
"Circolo di Qualitä ""Campagna Adorna""",FALSE,FALSE,3100,3,3
"STAI Società ticinese di allergologia e immunologia clinica",FALSE,FALSE,3050,5,5
"Magen Darm Liga",FALSE,FALSE,3000.01,1,1
"Alters- und Pflegeheim Allmend",FALSE,FALSE,3000,1,1
"ARFMPP Association romande de formation en médecine psychosomatique et psychosociale",FALSE,FALSE,3000,2,2
"Ärztegesellschaf t des Kantons Luzern",FALSE,FALSE,3000,1,1
"Ärzte-Gesellschaft des Kantons Zug",FALSE,FALSE,3000,1,1
"Association FIMB",FALSE,FALSE,3000,2,2
"Association par les Médecins, pour les Médecins",FALSE,FALSE,3000,1,1
"Assoc. Rencontres cardiologiques",FALSE,FALSE,3000,1,1
"Buendner Oberlaender Aerzteverein Präsident: Dr. med. Gian BundiArzthaus",FALSE,FALSE,3000,1,1
"Diagene Gmbh",FALSE,FALSE,3000,1,1
"GCV",FALSE,FALSE,3000,2,2
"Gehirn- und Traumastiftung Graubünden/Sch weiz",FALSE,FALSE,3000,1,1
"Gruppenpraxis Basel, Föhrenstr. 2/Koechlin/Spoendlin",FALSE,FALSE,3000,1,1
"Hausarztforum Uzwil",FALSE,FALSE,3000,2,2
"Hôpital cantonal Méd.soins intensifs",TRUE,FALSE,3000,1,1
"Institution de Lavigny",FALSE,FALSE,3000,3,3
"Kongress Herzrhythmus-Störungen Lenzburg",FALSE,FALSE,3000,1,1
"Lungenliga Neuchatêl",FALSE,FALSE,3000,2,2
"Magendarmliga Schweiz",FALSE,FALSE,3000,1,1
"Operationszentrum Burgdorf AG",FALSE,FALSE,3000,2,2
"Palliative Zentralschweiz",FALSE,FALSE,3000,1,1
"Palliative zh/sh",FALSE,FALSE,3000,2,2
"Privatklinik Hohenegg",TRUE,FALSE,3000,1,1
"Psicosomatica e Psicosociale",FALSE,FALSE,3000,2,2
"Psychiater Luzerner Landschaft",FALSE,FALSE,3000,1,1
"Réseau Cancer du Sein",FALSE,FALSE,3000,1,1
"Schweizerische Gesellschaft für Medizincontrolling SwissDRG",FALSE,FALSE,3000,1,1
"Societä Ticinese di Psichiatria e Psicoterapia STPP",FALSE,FALSE,3000,2,2
"Swiss Diabetes Kids",FALSE,FALSE,3000,1,1
"Swiss Rhinology Teaching Center GmbH",FALSE,FALSE,3000,1,1
"Tumorzentrum Ze TuP",FALSE,FALSE,3000,1,1
"Vascular International School AG",FALSE,TRUE,3000,1,1
"Verein Quartierärzte Kreis 9",FALSE,FALSE,3000,3,3
"zu:care",FALSE,FALSE,3000,1,1
"Augenzentrum Wil",FALSE,FALSE,2950,2,2
"SIRMED Schweizer Institut für Rettungsmedizin",FALSE,FALSE,2917,1,1
"Association fribourgeoise du diabète",FALSE,FALSE,2900,4,3
"Ärztenetzwerk",FALSE,FALSE,2808,1,1
"akj Fachverband Adipositas im Kindes- und Jugendalter",FALSE,FALSE,2800,2,2
"Clinique des Grangettes",TRUE,FALSE,2800,3,3
"Spital Zofingen AG",TRUE,FALSE,2800,2,2
"Schweizerische Gesellschaft für Viszeralchirurgie",FALSE,FALSE,2754,1,1
"FMI- FRIEDRICH MIESCHER INSTITUTE FOR BI",FALSE,FALSE,2750,1,1
"Groupement des Médecins des Franches-Montagnes",FALSE,FALSE,2750,3,3
"IG eHealth c/o Köhler,Stüdeli & Partner GmbH",FALSE,FALSE,2750,1,1
"IPVR (CHC) Hôpital de Malevoz - Unites de Psychiatrie Adulte",TRUE,FALSE,2732,1,1
"Ospedale Regionale La Caritä - Medicina Interna",TRUE,FALSE,2721,3,2
"Centre mödical VIGIMED",FALSE,FALSE,2700,1,1
"PMSE SA Prévention e Maintien de la santé en entreprise",FALSE,FALSE,2700,1,1
"Praxis Dr. Weissenrieder Hansjörg",FALSE,FALSE,2700,1,1
"Senoforum",FALSE,FALSE,2700,1,1
"Verband Nierenpatienten Schweiz",FALSE,FALSE,2700,1,1
"Europ.Neuro-opth almologie Society EUNOS c/o Klara Landau, MO Sectretary of EUNOS",FALSE,TRUE,2622,1,1
"Schweizerische Nierenstiftung",FALSE,FALSE,2620,2,2
"Ospedale Regiona le di Mendrisio",TRUE,FALSE,2600,2,2
"Bonadea AG",FALSE,FALSE,2592,1,1
"Checkup Center Zürich AG",FALSE,FALSE,2553,1,1
"19. Journées Franco-Suisse",FALSE,FALSE,2500,2,2
"Association Genevoise d'Asthme, d'Immunologie et d'Allergie (AGAIA)",FALSE,FALSE,2500,3,3
"Dialysezentrum - Nephrologie",FALSE,FALSE,2500,1,1
"Fondation ProTransplant",FALSE,FALSE,2500,1,1
"Groupe des rhumatologues genevois",FALSE,FALSE,2500,1,1
"Hôpital du Dura bernois SA Site de St-Imier",TRUE,FALSE,2500,1,1
"Ordine dei Farmacisti del Cantone Ticino Lugano / OFCT",FALSE,FALSE,2500,1,1
"Palliative.ch",FALSE,FALSE,2500,2,2
"Pathologie Länggasse Gemeinschaftspraxis für Histopathologie",FALSE,FALSE,2500,1,1
"Pharmacie des Hôpitaux de l'Est Lémanique",TRUE,FALSE,2500,1,1
"santemedia ag",FALSE,FALSE,2500,1,1
"Spitalzentrum Oberwallis",TRUE,FALSE,2500,1,1
"STO Pharmawerbung AG",FALSE,FALSE,2500,1,1
"TI-PSISO Gruppo regionalde della Società Svizzera di Medicina Psicosomatica e Psicosociale SSMPP",FALSE,FALSE,2500,4,4
"Verband Breast Care Nurse",FALSE,FALSE,2500,1,1
"Schweizer Gesellschaft für Pharmakologie und Toxikologie (SSPT)",FALSE,FALSE,2462,3,3
"Forel Klinik",TRUE,FALSE,2450,1,1
"Swiss Society of Sexology",FALSE,FALSE,2427,2,2
"Argomed Ärzte AG",FALSE,FALSE,2400,1,1
"Berner Reha Zentrum AG",FALSE,FALSE,2400,1,1
"Innovamed",FALSE,FALSE,2400,1,1
"Interessengemeinschaft Nephrologie Der Deutschen Schweiz",FALSE,FALSE,2400,1,1
"Schweizerischer Verband der ErnährungsberaterInnen",FALSE,FALSE,2400,1,1
"HIV-Pract",FALSE,FALSE,2355.2,1,1
"Gruppo die Cardiologi Ticinesi",FALSE,FALSE,2300,3,3
"Schweizerischer Hebammenverband",FALSE,FALSE,2280,1,1
"Zuger Kantonsspital Ag",TRUE,FALSE,2267.19,2,2
"Cabinet Dr Tran Sao-Nam",FALSE,FALSE,2267,1,1
"Centre de Psychiatrie (CPNVD)",FALSE,FALSE,2200,1,1
"Circolo Medico 3 Valli",FALSE,FALSE,2100,3,3
"Clinica Santa Chiara SA",TRUE,FALSE,2100,3,3
"Osteoporosis Center",FALSE,FALSE,2100,1,1
"Spital Wallis - Spitalzentrum Oberwallis",TRUE,FALSE,2073,2,2
"Pharmacie Moudonnoise",FALSE,FALSE,2046,2,2
"Aargauer Diabetes-Gesellschaft",FALSE,FALSE,2000,1,1
"ADEL - Association D'Esculape En Lavaux",FALSE,FALSE,2000,1,1
"AGS Eltern- und Patienteninitiative Schweiz",FALSE,FALSE,2000,1,1
"APOWAL Verband der Oberwalliser Apotheker/Innen",FALSE,FALSE,2000,1,1
"Association Francophone de Strabologie et d'Ophtalmologie Pédiatrique (AFSOP)",FALSE,FALSE,2000,1,1
"Association Groupe Lausanne Nord",FALSE,FALSE,2000,1,1
"Aurigen SA centre degénétique et pathologie",FALSE,FALSE,2000,1,1
"Central Apotheke Thun",FALSE,FALSE,2000,1,1
"Centre Médical de Corcelles",FALSE,FALSE,2000,1,1
"Centre Médical Eaux-Vives",FALSE,FALSE,2000,1,1
"CENTRE MEDICO-CHIRURGICAL DELA",FALSE,FALSE,2000,1,1
"Churer Ärzteverein",FALSE,FALSE,2000,2,2
"Fondation Soigner Ensemble",FALSE,FALSE,2000,1,1
"Gardes Pédiatriques",FALSE,FALSE,2000,1,1
"Gemeinschaftspra xis",FALSE,FALSE,2000,1,1
"GPMR Gesellschaft für physikalische Medizin und Rheumatologie",FALSE,FALSE,2000,1,1
"Groupe des Medecins Lausanne-Nord",FALSE,FALSE,2000,1,1
"Groupement Vaudois des Spécialistes en Allergologie et Immunologie Clinique",FALSE,FALSE,2000,2,2
"Gruppo Medici Malcantonesi",FALSE,FALSE,2000,1,1
"Hausarztverein Gossau",FALSE,FALSE,2000,2,2
"HFR Hôpital cantonal",TRUE,FALSE,2000,1,1
"Hôpital cantonal Pédiatrie",TRUE,FALSE,2000,1,1
"Hôpital de Chamblon(CHYC/eHnv)",TRUE,FALSE,2000,1,1
"Interessegruppe Herzinsuffizienz-Beraterinnen (IG-HIB)",FALSE,FALSE,2000,1,1
"IPW - Zürcher Unterland",FALSE,FALSE,2000,1,1
"Iridis Lausanne S.A.",FALSE,FALSE,2000,1,1
"Istituto cantonale di patologia Via in Selva 24 Locarno",FALSE,FALSE,2000,1,1
"Journées jurassiennes d'endocrinologie et diabétologie",FALSE,FALSE,2000,1,1
"Kinderärztezentrum Villa Vesta GmbH",FALSE,FALSE,2000,1,1
"Klinik Arlesheim AG",TRUE,FALSE,2000,1,1
"Lichtblick Hospiz",FALSE,FALSE,2000,1,1
"Limites Medical Research SAGL",FALSE,FALSE,2000,1,1
"Marchethon CF Fribourg",FALSE,FALSE,2000,1,1
"Marketing Connection",FALSE,FALSE,2000,1,1
"MentAge GmbH",FALSE,FALSE,2000,1,1
"Ostschweizer Diabetes-Gesellschaft",FALSE,FALSE,2000,3,3
"Palliative.co",FALSE,FALSE,2000,2,2
"Pharmazeutische Gesellschaft Basel",FALSE,FALSE,2000,1,1
"Praxis Dr. Aslan/ Dr. Gruhler",FALSE,FALSE,2000,1,1
"Praxis Dr. Gut André / Dr. Bründler Robert",FALSE,FALSE,2000,1,1
"Praxis Dr. Zerlauth Markus",FALSE,FALSE,2000,1,1
"Qualitätszirkel Wettingen- Würenlos",FALSE,FALSE,2000,1,1
"Réseau Lausannois du Sein",FALSE,FALSE,2000,1,1
"RRMES (Reseau Romand de Medecine Exerdce et Sport)",FALSE,FALSE,2000,1,1
"Schlossberg Aerztezentrum AG",FALSE,FALSE,2000,1,1
"Schweizerische Gesellschaft für Zwangsstörungen",FALSE,FALSE,2000,1,1
"SCHWEIZERISCHE RESTLESSLEG",FALSE,FALSE,2000,1,1
"Schweizerischer Verband Medizinischer PraxisAssistentinnen Aargau",FALSE,FALSE,2000,3,3
"SGC/SSC-Gesellschaft für Chirurgie",FALSE,FALSE,2000,1,1
"SGPGHE/SSGHNP",FALSE,FALSE,2000,2,1
"SGPMR Schweizerische Gesellschaft für physikalische Medizin und Rehabilitation",FALSE,FALSE,2000,1,1
"SGSM ""Schweiz. Gesellschaft fürSportmedizn""",FALSE,FALSE,2000,1,1
"SSCLP_Sté Suisse de Psychiatrie de Consultation-Liaison",FALSE,FALSE,2000,1,1
"SSI Schweizerische Gesellschaft für Infektiologie",FALSE,FALSE,2000,2,2
"STDV - Società ticinese di dermatologia e venerologia",FALSE,FALSE,2000,2,2
"Stiftung Kliniken Valens und Walenstadtberg",TRUE,FALSE,2000,1,1
"Stiftung Zürcher Blutspendedienst SRK",FALSE,FALSE,2000,1,1
"Suprax Zentrum für ambulante Suchtbehandlung",FALSE,FALSE,2000,1,1
"Verein der Pneumologen des Kantons Bern (VPB)",FALSE,FALSE,2000,2,2
"Vereinigung Hausärzte beider basel VHBB MentAge GmbH",FALSE,FALSE,2000,1,1
"Zentralpraxis Wallisellen AG",FALSE,FALSE,2000,1,1
"Zentralschweizer Ärzte-Forum",FALSE,FALSE,2000,1,1
"Zürcher Schmerzkonferenz",FALSE,FALSE,2000,1,1
"Gemeinschaftspraxis Dr. Pape",FALSE,FALSE,1975,1,1
"Rheumaliga Aargau",FALSE,FALSE,1939.01,2,1
"Hôpital Sud fribourgeois",TRUE,FALSE,1900,2,2
"Solothurner Diabetes-Gesellschaft",FALSE,FALSE,1900,1,1
"MWV Switzerland SA",FALSE,FALSE,1892.53,1,1
"Kantonsspital Obwalden",TRUE,FALSE,1889,2,2
"Congrès ARAM",FALSE,FALSE,1800,1,1
"Gemeinschaftspraxis magendarm BE-FR",FALSE,FALSE,1800,1,1
"GREPA Groupemenet romand des pédiatres",FALSE,FALSE,1800,1,1
"Stiftung fuer
 Wissenschaftliche Forschun",FALSE,FALSE,1750,1,1
"Zentrum für Labormedizin",FALSE,FALSE,1738,1,1
"Doctrina Med AG",FALSE,FALSE,1660,1,1
"Schweizerische Gesellschaft für medizinische Laseranwendungen",FALSE,FALSE,1650,1,1
"Kantonsspital Uri",TRUE,FALSE,1629.65,2,2
"Regiovital AG, RegioPharm",FALSE,FALSE,1620,1,1
"Hausarztmedizin Kreis 6",FALSE,FALSE,1600,1,1
"Spital Münsingen, Insel-Gruppe AG",TRUE,FALSE,1600,1,1
"Verein Rehaex",FALSE,FALSE,1600,1,1
"Hausärzteverein Mutschellen",FALSE,FALSE,1550,1,1
"CAPPIJONCTION",FALSE,FALSE,1508,1,1
"Clinique de Psychiatrie - Unites Hospitalieres Belle-Idee",TRUE,FALSE,1508,1,1
"ADMED Laboratoires",FALSE,FALSE,1500,1,1
"Ärzteverein Rorschach Rheintal",FALSE,FALSE,1500,1,1
"Associazione Oftalmologi Canton Ticino (AOCT) c/o Dr. med. Urs Meier",FALSE,FALSE,1500,1,1
"ATIMEF Associazione Ticinese Medici di Famiglia c/o Dr. med Alberto Chiesa",FALSE,FALSE,1500,3,3
"BGP Products GmbH, Mylan EPD",FALSE,FALSE,1500,1,1
"Bildungsreihe ""Wie wollen wir alt werden?""",FALSE,FALSE,1500,1,1
"Cabinet Pneumologie et Médecine Interne",FALSE,FALSE,1500,1,1
"Core medical lab Qualim Sàrl",FALSE,FALSE,1500,1,1
"Fonds Nicolas Pechère, Prof. Pechère-Bertschi Antoinette",FALSE,FALSE,1500,1,1
"Freiburger Spital, Standort Tafers",TRUE,FALSE,1500,1,1
"Gastropraxis Luzern GmbH Hirschengraben 33 Luzern",FALSE,FALSE,1500,1,1
"GastroPraxis Wehr",FALSE,FALSE,1500,1,1
"Gruppo di medicina manuale della Svizzera Italiana",FALSE,FALSE,1500,1,1
"Hausärzteverein",FALSE,FALSE,1500,1,1
"Herz-Neuro-Zentrum Bodensee AG",FALSE,FALSE,1500,1,1
"Hôpital du Val-de-Ruz",TRUE,FALSE,1500,1,1
"Klinik Pyramide",TRUE,FALSE,1500,1,1
"Mädical Centre Vaud SA c/o Magellan",FALSE,FALSE,1500,1,1
"Netzwerk für Fortbildung am oberen Zürichsee",FALSE,FALSE,1500,2,2
"Neurologie Amriswil",FALSE,FALSE,1500,1,1
"Pathologie Institut Enge Tödistrasse 48 Zürich",FALSE,FALSE,1500,1,1
"Pediatric Emergency Medicine Switzerland PEMS",FALSE,FALSE,1500,1,1
"Praxis Dr. Gut / Dr. Bründler",FALSE,FALSE,1500,1,1
"Praxis Dr. med. Theo und Priska Kruker",FALSE,FALSE,1500,1,1
"Praxis Dr. Rambach Klaus",FALSE,FALSE,1500,1,1
"PSOMA Board",FALSE,FALSE,1500,1,1
"Psychiatrische Dienste Biel",TRUE,FALSE,1500,2,2
"Senosuisse",FALSE,FALSE,1500,1,1
"Societe Suisse d'Onirologie Medicale",FALSE,FALSE,1500,1,1
"Studio Dr. med. Montedoro Ezio",FALSE,FALSE,1500,1,1
"Studio Dr. Scatizza Andrea",FALSE,FALSE,1500,1,1
"SVA Graubünden",FALSE,FALSE,1500,2,2
"Vereinigung der Ärztinnen und Ärzte beider Frenkentäler",FALSE,FALSE,1500,1,1
"Vereinigung der Zürcher Aerzte für Hals-Nasen-Ohrenkrankheiten",FALSE,FALSE,1500,1,1
"Verein Palliative Care- Netzwerk Region Thun",FALSE,FALSE,1500,1,1
"Zentrum für Alterspsychiatrie (ZAP)",FALSE,FALSE,1500,1,1
"Schweizer Gesells chaft für Gebirgsm edizin",FALSE,FALSE,1487.92,1,1
"Arud Zentrum Stampfenbach",FALSE,FALSE,1475.75,1,1
"Arztpraxis Kalkbreite",FALSE,FALSE,1459.25,1,1
"Ges. für Neurologie und Neurochirurgie Regio Basilensis c/o Dr. med. Irene Barone",FALSE,FALSE,1450,1,1
"Dertnapraxis AG",FALSE,FALSE,1400,1,1
"Gastroenter. Praxis Balsiger, Seibold & Partner und Crohn- Colitis-Zentrum",FALSE,FALSE,1400,1,1
"ORL-Club Zürich",FALSE,FALSE,1400,1,1
"pharmActuel Zentralschweiz",FALSE,FALSE,1400,2,2
"Institut für Radio- Onkologie - Medizinische Onkologie",FALSE,FALSE,1389,1,1
"Cabinet Dr. méd. Francine Besse",FALSE,FALSE,1388.9,1,1
"Hôpital de Morges Ensemble Hospitalier de la Cöte (EHC)",TRUE,FALSE,1386,1,1
"INRswiss",FALSE,FALSE,1300,1,1
"Praxis Tulpenstarsse AG",FALSE,FALSE,1300,2,2
"SVA Sektion Solothurn",FALSE,FALSE,1300,2,2
"Rathaus Apotheke St. Gallen AG",FALSE,FALSE,1296,1,1
"LesToises-Centre de psychiatrie et Psychotherapie",FALSE,FALSE,1280,1,1
"Schulthess Klinik -Rheumatologie",TRUE,FALSE,1263,1,1
"Spital STS AG -Spital Thun",TRUE,FALSE,1258,2,2
"Hirslanden AG",FALSE,FALSE,1256,2,2
"Salem Spital",TRUE,FALSE,1201,1,1
"Albert Bruppacher Stiftung",FALSE,FALSE,1200,1,1
"Centre Médical du Lignon",FALSE,FALSE,1200,1,1
"Groupe des Dermatologues Genev.",FALSE,FALSE,1200,1,1
"Hausarztverein Flawil-Degershei m",FALSE,FALSE,1200,1,1
"K30MED",FALSE,FALSE,1200,1,1
"Procrea Centro Fertilità",FALSE,FALSE,1200,1,1
"Schweizerische Interessensgruppe für Operationspflege",FALSE,FALSE,1200,1,1
"Zentrum für Soziale Psychiatrie - KIZ/ Kriseninterventionsz entrum",FALSE,FALSE,1184,1,1
"Hôpital de Morges (EHC) - Cabinet Dr Probst Herve / Dr Di Mare Luca / Dr Garcia Alain",TRUE,FALSE,1172,1,1
"Medizinisches Zentrum gleis d AG",FALSE,FALSE,1100,1,1
"Rheumaliga Uri und Schwyz",FALSE,FALSE,1058,2,1
"FUNDACIÓN DE APOYO Y ACOMPÑAMIENTO EN MANEJO ONCOLÓGICO FUNDAYAMA",FALSE,FALSE,1011,1,1
"Aerzteverein Züriplus",FALSE,FALSE,1000,1,1
"Arbeitsgemeinschaft für Perinatale Pharmakologie, Prof. Mandach",FALSE,FALSE,1000,1,1
"Association for Research in Surgery (ARS)",FALSE,FALSE,1000,1,1
"Association Médecins familles neuchâtelois",FALSE,FALSE,1000,1,1
"Association Renco ntre Cardiologie A nnuelle",FALSE,FALSE,1000,1,1
"Association Valaisanne des Préparateurs en Pharmacie AVPPH",FALSE,FALSE,1000,1,1
"Associazione della Svizzera italiana per la depressions cronica, per i disturbi dell'ansia e per i disturbi ossessive e compulsivi",FALSE,FALSE,1000,1,1
"Centre Medical de la C6te SA",FALSE,FALSE,1000,1,1
"Chirurgische Praxis Hohmad GmbH",FALSE,FALSE,1000,1,1
"Clinique de gynécologie et obstétrique",TRUE,FALSE,1000,1,1
"Clinique La Métairie",TRUE,FALSE,1000,1,1
"Colloque r^gionaux du mardi",FALSE,FALSE,1000,1,1
"Etablissement Hospitaliere Multisite cantonal - EHM",TRUE,FALSE,1000,1,1
"European Society of Gyn (ESG)",FALSE,TRUE,1000,1,1
"FMH",FALSE,FALSE,1000,1,1
"Formation Continue Méd. Famille",FALSE,FALSE,1000,1,1
"GAAA Gesellschaft Aargauischer Anästhesieärztinnen und Ärzte",FALSE,FALSE,1000,1,1
"Groupe de Medicometne",FALSE,FALSE,1000,1,1
"Groupe régional des Infirmiers-Anesthésistes Latins (GIAL)",FALSE,FALSE,1000,1,1
"Groupe Rhumatologues Vaudois GRV",FALSE,FALSE,1000,1,1
"Hirslanden Klinik Birshof",TRUE,FALSE,1000,1,1
"Hôpital Martigny (CHCVs) -Médecine interne",TRUE,FALSE,1000,1,1
"InterDigest",FALSE,FALSE,1000,1,1
"IPS-Netzwerk Südostschweiz (INSO)",FALSE,FALSE,1000,1,1
"Klinik Sonnenhof",TRUE,FALSE,1000,1,1
"Klinik St. Pirminsberg Psychiatrie-Dienste Süd",TRUE,FALSE,1000,1,1
"Ligue fribourgeoise contre le rhumatisme",FALSE,FALSE,1000,1,1
"Medecins de famille Valais",FALSE,FALSE,1000,1,1
"OncoCampus Switzerland Geschäftstelle c/o Pomcany's Marketing",FALSE,FALSE,1000,1,1
"Ospedale Italiano Viganello Medizin Onkologie",TRUE,FALSE,1000,1,1
"Osteoclub Ticino",FALSE,FALSE,1000,1,1
"Ostschw. Gesellschaft für Psychiatrie und Kinder- und Jugendpsychiatrie",FALSE,FALSE,1000,2,2
"Palliative Ostschweiz",FALSE,FALSE,1000,1,1
"Praxis Dr. Dolder Mathias",FALSE,FALSE,1000,1,1
"Psychiatrie & Psychotherapie Pizol",FALSE,FALSE,1000,1,1
"Psychiatrische Dienste Thurgau- EPD Thurgau",TRUE,FALSE,1000,1,1
"Rafik Bouzegaou Réseau fribourgeois de santé mentale c/o Centre de soins hospitaliers Case",TRUE,FALSE,1000,1,1
"Rheumazentrum Thun",FALSE,FALSE,1000,1,1
"SAGB",FALSE,FALSE,1000,1,1
"santémed Ges.zentrum Rorschach",FALSE,FALSE,1000,1,1
"Schweizerische Fachgesellschaft ADHS",FALSE,FALSE,1000,1,1
"Schweiz. Gesellschaft für Pädiatrische Pneumologie (SGPP) Sekretariat: Prof. Dr. med. C. Barazzone",FALSE,FALSE,1000,1,1
"Schweiz. Gesellsch. für Ästhet. Chirurgie (SGÄC)",FALSE,FALSE,1000,1,1
"Societä ticinese dl dermatologia e venereologia c/o Dr. med. Davide Donghi",FALSE,FALSE,1000,1,1
"SSPS-SI",FALSE,FALSE,1000,1,1
"Stiftung Suchthilfe MSH 2",FALSE,FALSE,1000,1,1
"Suchtberatung AGS",FALSE,FALSE,1000,1,1
"Université de Lausanne",TRUE,FALSE,1000,2,2
"Verband Ostschweizer Rettungssanitäter",FALSE,FALSE,1000,1,1
"Verein  GYNeLEARNING",FALSE,FALSE,1000,1,1
"Zentrum für Psychische Gesundheit",FALSE,FALSE,1000,1,1
"Gemeindepsychiatris ches Zentrum Bülach - GEZ",FALSE,FALSE,927,1,1
"Die Schweizer Chirurginnen und Chirurgen",FALSE,FALSE,925.95,1,1
"Spitalregion Rheintal Werdenberg",TRUE,FALSE,925.95,1,1
"Apothekerverein des Kanton Zug Martin Affentranger Anklin Apotheke AG",FALSE,FALSE,900,1,1
"Assooazione Medico In Pratica",FALSE,FALSE,900,1,1
"Ges. phys.Med./Rehab./Rheumatol.",FALSE,FALSE,900,1,1
"Schweizer Partnerschaft HAS Haiti",FALSE,FALSE,900,1,1
"Praxis Dr. Rein Patrick",FALSE,FALSE,880,1,1
"Association Neuchateloise des Diabetiques (Diabetes Association Neuchatel)",FALSE,FALSE,844,1,1
"Ärzte mit Patientenapotheke APA",FALSE,FALSE,800,2,2
"Diabetes Biel-Bienne",FALSE,FALSE,800,1,1
"eSwiss Medical & Surgical Center",FALSE,FALSE,800,1,1
"Hausärzte Schweiz Berufsverband der Haus- und Kinderärztinnen Schweiz",FALSE,FALSE,800,1,1
"Kinderärzte-Vereinigung der Zentralschweiz",FALSE,FALSE,800,2,2
"monDoc-vs",FALSE,FALSE,800,1,1
"Praxis Dr. Misteli Max",FALSE,FALSE,800,1,1
"SäntiMed AG c/o Praxis Brunnenhof",FALSE,FALSE,800,1,1
"Société Neuchâteloise de Pédiatrie",FALSE,FALSE,800,1,1
"SSPS Sl ""Societä Svizzera di Psichiatria Sociale",FALSE,FALSE,800,1,1
"Swiss Society for Neuroscience",FALSE,FALSE,800,1,1
"HFR Riaz",FALSE,FALSE,798,1,1
"Viollier AG, Basel -Ambulatorium und Kardiologie",FALSE,FALSE,784,1,1
"Praxis Dr. Hasler Loretta AG",FALSE,FALSE,771,1,1
"Immunologie Zentrum",FALSE,FALSE,758,1,1
"Augenzentrum Vista Alpina AG",FALSE,FALSE,750,1,1
"Praxis Dr. Reichlin/Dr. Jermann",FALSE,FALSE,750,1,1
"USGG - Union Schweiz. Gesellschaften f. Gefässkrankheiten",FALSE,FALSE,750,1,1
"Assemblée génér ale des Pneumolo gies Vaudois",FALSE,FALSE,740.74,1,1
"Labormedizinisches Zentrum Dr. Risch Anstalt",FALSE,FALSE,701.95,1,1
"Amicale TCC",FALSE,FALSE,700,1,1
"HautZentrum Zürich AG",FALSE,FALSE,700,1,1
"pharmacieplus franches- montagnes",FALSE,FALSE,700,1,1
"SVA Sektion St. Gallen",FALSE,FALSE,700,1,1
"Apotheke am Marktplatz",FALSE,FALSE,663,1,1
"Apotheke Dr. Bruhin",FALSE,FALSE,663,1,1
"Apotheke Dr. Langer AG",FALSE,FALSE,663,1,1
"Apotheke Wyss AG",FALSE,FALSE,663,1,1
"Breite-Apotheke",FALSE,FALSE,663,1,1
"Central-Apotheke",FALSE,FALSE,663,1,1
"Fortuna Apotheke",FALSE,FALSE,663,1,1
"Kreuzapotheke",FALSE,FALSE,663,1,1
"Löwen Apotheke",FALSE,FALSE,663,1,1
"Sevogel-Apotheke",FALSE,FALSE,663,1,1
"TopPharm Domat Apotheke",FALSE,FALSE,663,1,1
"Volta-Apotheke",FALSE,FALSE,663,1,1
"Clinique La Prairie SA",TRUE,FALSE,648.14,1,1
"Centre Compétence Rhumatologie SA",FALSE,FALSE,640,2,2
"GDNE - Groupe des dermatologues de Neuchâtel et environs",FALSE,FALSE,600,1,1
"Groupement des Dermatologues de Neuchâtel",FALSE,FALSE,600,1,1
"Praxis Dr. Fuhrimann Peter",FALSE,FALSE,600,1,1
"Praxisgemeinschaft Gartenmatt",FALSE,FALSE,584.7,1,1
"Zentrum für Suchtmedizin ZfS",FALSE,FALSE,576,1,1
"Rheumaliestal",FALSE,FALSE,560,1,1
"EZ Medical Network AG",FALSE,FALSE,540,1,1
"3JMED Sàrl",FALSE,FALSE,500,1,1
"Ärzte & Physio am Platz Am Platz 8 Bad Ragaz",FALSE,FALSE,500,1,1
"Cabinet Dr Gander Marc",FALSE,FALSE,500,1,1
"Centre de Dermatologie Rive",FALSE,FALSE,500,1,1
"Clinica Psichiatrica di Giorno",TRUE,FALSE,500,1,1
"Clinica Santa Croce SA",TRUE,FALSE,500,1,1
"Comunitä Familiäre Antenna Icaro",FALSE,FALSE,500,1,1
"Diabetesgesellschaft Wallis",FALSE,FALSE,500,1,1
"Epi-Suisse",FALSE,FALSE,500,2,2
"GMFM ""Groupement des Medecins des Franches-Montagnes""",FALSE,FALSE,500,1,1
"Groupe Médical D'Onex Sa",FALSE,FALSE,500,1,1
"Groupement des Medecin des Franche Montagne",FALSE,FALSE,500,1,1
"HAV St.Gallen",FALSE,FALSE,500,1,1
"Hôpitaux de l'Est Lémanique",TRUE,FALSE,500,1,1
"Hormon Zentrum Zürich AG",FALSE,FALSE,500,1,1
"KJPD Weinfelden",FALSE,FALSE,500,1,1
"Kollegium für forschende Hausärzte",FALSE,FALSE,500,1,1
"Krankenhausgesellschaft Schwyz",FALSE,FALSE,500,1,1
"Kreisspital für das Freiamt - Innere Medizin",TRUE,FALSE,500,1,1
"Ligue Neuchâteloise",FALSE,FALSE,500,1,1
"Lungenpraxis Spiez AG Oberlandstrasse 9 Spiez",FALSE,FALSE,500,1,1
"Magnolias Sàrl",FALSE,FALSE,500,1,1
"Palliative vs",FALSE,FALSE,500,1,1
"Praxis Dr. Jost",FALSE,FALSE,500,1,1
"Psychiatrische Klinik Zugersee",TRUE,FALSE,500,1,1
"Qualitätszirkel Stansstad",FALSE,FALSE,500,1,1
"QZ Untersee - Gruppe Adler",FALSE,FALSE,500,1,1
"Reha Chrischona -Medizin",FALSE,FALSE,500,1,1
"Rheumaliga Bern",FALSE,FALSE,500,1,1
"Schweizerische Gesellschaft für Geschichte der Pharmazie SGGP",FALSE,FALSE,500,1,1
"See-Spital. Stiftung Spital Zimmerberg",TRUE,FALSE,500,1,1
"Spital Oberengadin",TRUE,FALSE,500,1,1
"Studio medico Dr. Nobile",FALSE,FALSE,500,1,1
"Verein Kinderärzte-Plattform ADHS",FALSE,FALSE,500,1,1
"Werner Alfred Selo Stiftung c/o Life Science Communication AG",FALSE,FALSE,500,1,1
"Maihofpraxis",FALSE,FALSE,482.53,1,1
"Hôpital de Chamblon Etablissements Hospitallers du Nord Vaudois (eHnv)",TRUE,FALSE,463,1,1
"Spital Uster",TRUE,FALSE,405,1,1
"Gesellschaft der Ärztinnen und Ärzte des Kantons Solothurn",FALSE,FALSE,400,1,1
"Stiftung Hopp-la",FALSE,FALSE,400,1,1
"Derma Limmattal AG",FALSE,FALSE,360,1,1
"Ärztehaus Fluntern - Praxis Dr. Halama Marcel",FALSE,FALSE,350,1,1
"Assemblea primaverile Societa Ticinese di Dermatologia e Venereologia",FALSE,FALSE,330,1,1
"Centro Pediatrico mendrisiotto",FALSE,FALSE,330,1,1
"Adipositaszentrum Privatklinik Lindenberg",TRUE,FALSE,300,1,1
"Association jurassienne des diabétiques",FALSE,FALSE,300,1,1
"Centre Ophtalmologique de Rive",FALSE,FALSE,300,1,1
"Clinique et Permanence d'Onex SA Cité Générations - Maison de santé",TRUE,FALSE,300,1,1
"Groupe Romand d'echographie clinique",FALSE,FALSE,300,1,1
"Verein Lichtblick Hospiz Basel",FALSE,FALSE,300,1,1
"Diabetes Gesellschaft Zug (Diabetes Association Zug)",FALSE,FALSE,250,1,1
"Rheumaliga Glarus",FALSE,FALSE,250,1,1
"Schweizerische Gesellschaft für Notfall- und Rettungsmedizin",FALSE,FALSE,250,1,1
"Cabinet Dr Aeschbach Thomas",FALSE,FALSE,240,1,1
"Cabinet Dr Haldy / Dr Herkommer",FALSE,FALSE,240,1,1
"Coeur Battant",FALSE,FALSE,200,1,1
"Hôpital d'Yverdon-les-Bains",TRUE,FALSE,200,1,1
"Schweizerische Gesellschaft für Spitalhygiene",FALSE,FALSE,200,1,1
"Schweizerische Gesellschaft für Gerontologie",FALSE,FALSE,170,1,1
"Schweizerische Alzheimervereinigung",FALSE,FALSE,40,1,1
